"Date","Price","Open","High","Low","Vol.","Change %"
"Nov 25","6,798.08","6,876.28","6,877.93","6,766.53","-","-0.62%"
"Oct 25","6,840.20","6,664.92","6,920.34","6,550.78","-","2.27%"
"Sep 25","6,688.46","6,401.51","6,699.52","6,360.58","-","3.53%"
"Aug 25","6,460.26","6,287.28","6,508.23","6,212.69","-","1.91%"
"Jul 25","6,339.39","6,187.25","6,427.02","6,177.97","-","2.17%"
"Jun 25","6,204.95","5,896.68","6,215.08","5,861.43","-","4.96%"
"May 25","5,911.69","5,625.14","5,968.61","5,578.64","-","6.15%"
"Apr 25","5,569.06","5,597.53","5,695.31","4,835.04","-","-0.76%"
"Mar 25","5,611.85","5,968.33","5,986.09","5,488.73","-","-5.75%"
"Feb 25","5,954.50","5,969.65","6,147.43","5,837.66","-","-1.42%"
"Jan 25","6,040.53","5,903.26","6,128.18","5,773.31","-","2.70%"
"Dec 24","5,881.63","6,040.11","6,099.97","5,832.30","-","-2.50%"
"Nov 24","6,032.38","5,723.22","6,044.17","5,696.51","-","5.73%"
"Oct 24","5,705.45","5,757.73","5,878.46","5,674.00","-","-0.99%"
"Sep 24","5,762.48","5,623.89","5,767.37","5,402.62","-","2.02%"
"Aug 24","5,648.40","5,537.84","5,651.62","5,119.26","-","2.28%"
"Jul 24","5,522.30","5,471.08","5,669.67","5,390.95","-","1.13%"
"Jun 24","5,460.48","5,297.15","5,523.64","5,234.32","-","3.47%"
"May 24","5,277.51","5,029.03","5,341.88","5,011.05","-","4.80%"
"Apr 24","5,035.69","5,257.97","5,263.95","4,953.56","-","-4.16%"
"Mar 24","5,254.35","5,098.51","5,264.85","5,056.82","-","3.10%"
"Feb 24","5,096.27","4,861.11","5,111.06","4,853.52","-","5.17%"
"Jan 24","4,845.65","4,745.20","4,931.09","4,682.11","-","1.59%"
"Dec 23","4,769.83","4,559.43","4,793.30","4,546.50","-","4.42%"
"Nov 23","4,567.80","4,201.27","4,587.64","4,197.74","-","8.92%"
"Oct 23","4,193.80","4,284.52","4,393.57","4,103.78","-","-2.20%"
"Sep 23","4,288.05","4,530.60","4,541.25","4,238.63","-","-4.87%"
"Aug 23","4,507.66","4,578.83","4,584.62","4,335.31","-","-1.77%"
"Jul 23","4,588.96","4,450.48","4,607.07","4,385.05","-","3.11%"
"Jun 23","4,450.38","4,183.03","4,458.48","4,171.64","-","6.47%"
"May 23","4,179.83","4,166.79","4,231.10","4,048.28","-","0.25%"
"Apr 23","4,169.48","4,102.20","4,170.06","4,049.35","-","1.46%"
"Mar 23","4,109.31","3,963.34","4,110.75","3,808.86","-","3.51%"
"Feb 23","3,970.15","4,070.07","4,195.44","3,943.08","-","-2.61%"
"Jan 23","4,076.60","3,853.29","4,094.21","3,794.33","-","6.18%"
"Dec 22","3,839.50","4,087.14","4,100.96","3,764.49","-","-5.90%"
"Nov 22","4,080.11","3,901.79","4,080.11","3,698.15","-","5.38%"
"Oct 22","3,871.98","3,609.78","3,905.42","3,491.58","-","7.99%"
"Sep 22","3,585.62","3,936.73","4,119.28","3,584.13","-","-9.34%"
"Aug 22","3,955.00","4,112.38","4,325.28","3,954.53","-","-4.24%"
"Jul 22","4,130.29","3,781.00","4,140.15","3,721.56","-","9.11%"
"Jun 22","3,785.38","4,149.78","4,177.51","3,636.87","-","-8.39%"
"May 22","4,132.15","4,130.61","4,307.66","3,810.32","-","0.01%"
"Apr 22","4,131.93","4,540.32","4,593.45","4,124.28","-","-8.80%"
"Mar 22","4,530.41","4,363.14","4,637.30","4,157.87","-","3.58%"
"Feb 22","4,373.94","4,519.57","4,595.31","4,114.65","-","-3.14%"
"Jan 22","4,515.55","4,778.14","4,818.62","4,222.62","-","-5.26%"
"Dec 21","4,766.18","4,602.82","4,808.93","4,495.12","-","4.36%"
"Nov 21","4,567.00","4,610.62","4,743.83","4,560.00","-","-0.83%"
"Oct 21","4,605.38","4,317.16","4,608.08","4,278.94","-","6.91%"
"Sep 21","4,307.54","4,528.80","4,545.85","4,305.91","-","-4.76%"
"Aug 21","4,522.68","4,406.86","4,537.36","4,367.73","-","2.90%"
"Jul 21","4,395.26","4,300.73","4,429.97","4,233.13","-","2.27%"
"Jun 21","4,297.50","4,216.52","4,302.43","4,164.40","-","2.22%"
"May 21","4,204.11","4,191.98","4,238.04","4,056.88","-","0.55%"
"Apr 21","4,181.17","3,992.78","4,218.78","3,992.78","-","5.24%"
"Mar 21","3,972.89","3,842.51","3,994.41","3,723.34","-","4.24%"
"Feb 21","3,811.15","3,731.17","3,950.43","3,725.62","-","2.61%"
"Jan 21","3,714.24","3,764.61","3,870.90","3,662.71","-","-1.11%"
"Dec 20","3,756.07","3,645.87","3,760.20","3,633.40","-","3.71%"
"Nov 20","3,621.63","3,296.20","3,645.99","3,279.74","-","10.75%"
"Oct 20","3,269.96","3,385.87","3,549.85","3,233.94","-","-2.77%"
"Sep 20","3,363.00","3,507.44","3,588.11","3,209.45","-","-3.92%"
"Aug 20","3,500.31","3,288.26","3,514.77","3,284.53","-","7.01%"
"Jul 20","3,271.12","3,105.92","3,279.99","3,101.17","-","5.51%"
"Jun 20","3,100.29","3,038.78","3,233.13","2,965.66","-","1.84%"
"May 20","3,044.31","2,869.09","3,068.67","2,766.64","-","4.53%"
"Apr 20","2,912.43","2,498.08","2,954.86","2,447.49","-","12.68%"
"Mar 20","2,584.59","2,974.28","3,136.72","2,191.86","-","-12.51%"
"Feb 20","2,954.22","3,235.66","3,393.52","2,855.84","-","-8.41%"
"Jan 20","3,225.52","3,244.67","3,337.77","3,214.64","-","-0.16%"
"Dec 19","3,230.78","3,143.85","3,247.93","3,070.33","-","2.86%"
"Nov 19","3,140.98","3,050.72","3,154.26","3,050.72","-","3.40%"
"Oct 19","3,037.56","2,983.69","3,050.10","2,855.94","-","2.04%"
"Sep 19","2,976.74","2,909.01","3,021.99","2,891.85","-","1.72%"
"Aug 19","2,926.46","2,980.32","3,013.59","2,822.12","-","-1.81%"
"Jul 19","2,980.38","2,971.41","3,027.98","2,952.22","-","1.31%"
"Jun 19","2,941.76","2,751.53","2,964.15","2,728.81","-","6.89%"
"May 19","2,752.06","2,952.33","2,954.13","2,750.52","-","-6.58%"
"Apr 19","2,945.83","2,848.63","2,949.52","2,848.63","-","3.93%"
"Mar 19","2,834.40","2,798.22","2,860.31","2,722.27","-","1.79%"
"Feb 19","2,784.49","2,702.32","2,813.49","2,681.83","-","2.97%"
"Jan 19","2,704.10","2,476.96","2,708.95","2,443.96","-","7.87%"
"Dec 18","2,506.85","2,790.50","2,800.18","2,346.58","-","-9.18%"
"Nov 18","2,760.17","2,717.58","2,815.15","2,631.09","-","1.79%"
"Oct 18","2,711.74","2,926.29","2,939.86","2,603.54","-","-6.94%"
"Sep 18","2,913.98","2,896.96","2,940.91","2,864.12","-","0.43%"
"Aug 18","2,901.52","2,821.17","2,916.50","2,796.34","-","3.03%"
"Jul 18","2,816.29","2,704.95","2,848.03","2,698.95","-","3.60%"
"Jun 18","2,718.37","2,718.70","2,791.47","2,691.99","-","0.48%"
"May 18","2,705.27","2,643.64","2,742.24","2,594.62","-","2.16%"
"Apr 18","2,648.05","2,633.45","2,717.49","2,553.80","-","0.27%"
"Mar 18","2,640.87","2,715.22","2,801.90","2,585.89","-","-2.69%"
"Feb 18","2,713.83","2,816.45","2,835.96","2,532.69","-","-3.89%"
"Jan 18","2,823.81","2,683.73","2,872.87","2,682.36","-","5.62%"
"Dec 17","2,673.61","2,645.10","2,694.97","2,605.52","-","0.98%"
"Nov 17","2,647.58","2,583.21","2,657.74","2,557.45","-","2.81%"
"Oct 17","2,575.26","2,521.20","2,582.98","2,520.40","-","2.22%"
"Sep 17","2,519.36","2,474.42","2,519.44","2,446.55","-","1.93%"
"Aug 17","2,471.65","2,477.10","2,490.87","2,417.35","-","0.05%"
"Jul 17","2,470.30","2,431.39","2,484.04","2,407.70","-","1.93%"
"Jun 17","2,423.41","2,415.65","2,453.82","2,405.70","-","0.48%"
"May 17","2,411.80","2,388.50","2,418.71","2,352.72","-","1.16%"
"Apr 17","2,384.20","2,362.34","2,398.16","2,328.95","-","0.91%"
"Mar 17","2,362.72","2,380.13","2,400.98","2,322.25","-","-0.04%"
"Feb 17","2,363.64","2,285.59","2,371.54","2,271.65","-","3.72%"
"Jan 17","2,278.87","2,251.57","2,300.99","2,245.13","-","1.79%"
"Dec 16","2,238.83","2,200.17","2,277.53","2,187.44","-","1.82%"
"Nov 16","2,198.81","2,128.68","2,214.10","2,083.79","-","3.42%"
"Oct 16","2,126.15","2,164.33","2,169.60","2,114.72","-","-1.94%"
"Sep 16","2,168.27","2,171.33","2,187.87","2,119.12","-","-0.12%"
"Aug 16","2,170.95","2,173.15","2,193.81","2,147.58","-","-0.12%"
"Jul 16","2,173.60","2,099.34","2,177.09","2,074.02","-","3.56%"
"Jun 16","2,098.86","2,093.94","2,120.55","1,991.68","-","0.09%"
"May 16","2,096.96","2,067.17","2,103.48","2,025.91","-","1.53%"
"Apr 16","2,065.30","2,056.62","2,111.05","2,033.80","-","0.27%"
"Mar 16","2,059.74","1,937.09","2,072.21","1,937.09","-","6.60%"
"Feb 16","1,932.23","1,936.94","1,962.96","1,810.10","-","-0.41%"
"Jan 16","1,940.24","2,038.20","2,038.20","1,812.29","-","-5.07%"
"Dec 15","2,043.94","2,082.93","2,104.27","1,993.26","-","-1.75%"
"Nov 15","2,080.41","2,080.76","2,116.48","2,019.39","-","0.05%"
"Oct 15","2,079.36","1,919.65","2,094.32","1,893.70","-","8.30%"
"Sep 15","1,920.03","1,970.09","2,020.86","1,871.91","-","-2.64%"
"Aug 15","1,972.18","2,104.49","2,112.66","1,867.01","-","-6.26%"
"Jul 15","2,103.84","2,067.00","2,132.82","2,044.02","-","1.97%"
"Jun 15","2,063.11","2,108.64","2,129.87","2,056.32","-","-2.10%"
"May 15","2,107.39","2,087.38","2,134.72","2,067.93","-","1.05%"
"Apr 15","2,085.51","2,067.63","2,125.92","2,048.38","-","0.85%"
"Mar 15","2,067.89","2,105.23","2,117.52","2,039.69","-","-1.74%"
"Feb 15","2,104.50","1,996.67","2,119.59","1,980.90","-","5.49%"
"Jan 15","1,994.99","2,058.90","2,072.36","1,988.12","-","-3.10%"
"Dec 14","2,058.90","2,065.78","2,093.55","1,972.56","-","-0.42%"
"Nov 14","2,067.56","2,018.21","2,075.76","2,001.01","-","2.45%"
"Oct 14","2,018.05","1,971.44","2,018.19","1,820.66","-","2.32%"
"Sep 14","1,972.29","2,004.07","2,019.26","1,964.04","-","-1.55%"
"Aug 14","2,003.37","1,929.80","2,005.04","1,904.78","-","3.77%"
"Jul 14","1,930.67","1,962.29","1,991.39","1,930.67","-","-1.51%"
"Jun 14","1,960.23","1,923.87","1,968.17","1,915.98","-","1.91%"
"May 14","1,923.57","1,884.39","1,924.03","1,859.79","-","2.10%"
"Apr 14","1,883.95","1,873.96","1,897.28","1,814.36","-","0.62%"
"Mar 14","1,872.34","1,857.68","1,883.97","1,834.44","-","0.69%"
"Feb 14","1,859.45","1,782.68","1,867.92","1,737.92","-","4.31%"
"Jan 14","1,782.60","1,845.90","1,850.80","1,770.50","-","-3.56%"
"Dec 13","1,848.40","1,806.50","1,849.40","1,768.00","-","2.36%"
"Nov 13","1,805.80","1,758.70","1,813.50","1,746.20","-","2.81%"
"Oct 13","1,756.50","1,682.40","1,775.20","1,646.50","-","4.46%"
"Sep 13","1,681.50","1,636.00","1,729.90","1,633.40","-","2.97%"
"Aug 13","1,633.00","1,689.40","1,709.70","1,627.50","-","-3.13%"
"Jul 13","1,685.70","1,609.80","1,698.80","1,604.60","-","4.94%"
"Jun 13","1,606.30","1,631.70","1,654.20","1,560.30","-","-1.50%"
"May 13","1,630.70","1,597.50","1,687.20","1,581.30","-","2.07%"
"Apr 13","1,597.60","1,569.20","1,597.60","1,536.00","-","1.81%"
"Mar 13","1,569.20","1,514.70","1,570.30","1,501.50","-","3.60%"
"Feb 13","1,514.70","1,498.10","1,530.90","1,485.00","-","1.11%"
"Jan 13","1,498.10","1,426.20","1,509.90","1,426.20","-","5.04%"
"Dec 12","1,426.20","1,416.30","1,448.00","1,398.10","-","0.71%"
"Nov 12","1,416.20","1,412.20","1,434.30","1,343.30","-","0.28%"
"Oct 12","1,412.20","1,440.90","1,471.00","1,403.30","-","-1.98%"
"Sep 12","1,440.70","1,406.50","1,474.50","1,396.60","-","2.42%"
"Aug 12","1,406.60","1,379.30","1,426.70","1,354.70","-","1.98%"
"Jul 12","1,379.30","1,362.30","1,391.70","1,325.40","-","1.26%"
"Jun 12","1,362.20","1,309.90","1,363.50","1,266.70","-","3.96%"
"May 12","1,310.30","1,397.90","1,415.30","1,292.00","-","-6.27%"
"Apr 12","1,397.90","1,408.50","1,422.40","1,357.40","-","-0.75%"
"Mar 12","1,408.50","1,365.90","1,419.20","1,340.00","-","3.13%"
"Feb 12","1,365.70","1,312.50","1,378.00","1,312.50","-","4.06%"
"Jan 12","1,312.40","1,258.90","1,333.50","1,258.90","-","4.36%"
"Dec 11","1,257.60","1,246.90","1,269.40","1,202.40","-","0.85%"
"Nov 11","1,247.00","1,251.00","1,277.50","1,158.70","-","-0.50%"
"Oct 11","1,253.30","1,131.20","1,292.70","1,074.80","-","10.77%"
"Sep 11","1,131.40","1,219.10","1,229.30","1,114.20","-","-7.18%"
"Aug 11","1,218.90","1,292.60","1,307.40","1,101.50","-","-5.68%"
"Jul 11","1,292.30","1,320.60","1,356.50","1,282.90","-","-2.14%"
"Jun 11","1,320.60","1,345.20","1,345.20","1,258.10","-","-1.83%"
"May 11","1,345.20","1,365.20","1,370.60","1,311.80","-","-1.35%"
"Apr 11","1,363.60","1,329.50","1,364.60","1,294.70","-","2.85%"
"Mar 11","1,325.80","1,328.60","1,332.30","1,249.00","-","-0.11%"
"Feb 11","1,327.20","1,289.10","1,344.10","1,289.10","-","3.20%"
"Jan 11","1,286.10","1,257.60","1,302.70","1,257.60","-","2.27%"
"Dec 10","1,257.60","1,186.60","1,262.60","1,186.60","-","6.53%"
"Nov 10","1,180.50","1,185.70","1,227.10","1,173.00","-","-0.24%"
"Oct 10","1,183.30","1,143.50","1,196.10","1,131.90","-","3.69%"
"Sep 10","1,141.20","1,049.70","1,157.20","1,049.70","-","8.76%"
"Aug 10","1,049.30","1,107.50","1,129.20","1,039.70","-","-4.75%"
"Jul 10","1,101.60","1,031.10","1,121.00","1,010.90","-","6.88%"
"Jun 10","1,030.70","1,087.30","1,131.20","1,028.30","-","-5.39%"
"May 10","1,089.40","1,188.60","1,205.10","1,040.80","-","-8.20%"
"Apr 10","1,186.70","1,171.20","1,219.80","1,170.70","-","1.48%"
"Mar 10","1,169.40","1,105.40","1,180.70","1,105.40","-","5.88%"
"Feb 10","1,104.50","1,073.90","1,112.40","1,044.50","-","2.85%"
"Jan 10","1,073.90","1,116.60","1,150.50","1,071.60","-","-3.69%"
"Dec 09","1,115.10","1,098.90","1,130.40","1,085.90","-","1.78%"
"Nov 09","1,095.60","1,036.20","1,113.70","1,029.40","-","5.73%"
"Oct 09","1,036.20","1,054.90","1,101.40","1,020.00","-","-1.98%"
"Sep 09","1,057.10","1,019.50","1,080.20","992.00","-","3.58%"
"Aug 09","1,020.60","990.20","1,039.50","978.50","-","3.35%"
"Jul 09","987.50","920.80","996.70","869.30","-","7.42%"
"Jun 09","919.30","923.30","956.20","888.90","-","0.02%"
"May 09","919.10","872.70","930.20","866.10","-","5.30%"
"Apr 09","872.80","793.60","888.70","783.30","-","9.39%"
"Mar 09","797.90","729.60","833.00","666.80","-","8.54%"
"Feb 09","735.10","823.10","875.00","734.50","-","-10.99%"
"Jan 09","825.90","903.00","943.90","804.30","-","-8.56%"
"Dec 08","903.20","888.60","918.90","815.70","-","0.78%"
"Nov 08","896.20","968.70","1,007.50","741.00","-","-7.49%"
"Oct 08","968.80","1,164.20","1,167.00","839.80","-","-16.94%"
"Sep 08","1,166.40","1,287.80","1,303.00","1,106.40","-","-9.07%"
"Aug 08","1,282.80","1,269.40","1,313.20","1,247.50","-","1.22%"
"Jul 08","1,267.40","1,276.70","1,292.20","1,200.40","-","-0.98%"
"Jun 08","1,280.00","1,399.60","1,404.00","1,272.00","-","-8.60%"
"May 08","1,400.40","1,386.00","1,440.20","1,373.10","-","1.07%"
"Apr 08","1,385.60","1,326.40","1,404.60","1,324.30","-","4.76%"
"Mar 08","1,322.70","1,330.50","1,359.70","1,257.00","-","-0.59%"
"Feb 08","1,330.60","1,378.60","1,396.00","1,316.80","-","-3.47%"
"Jan 08","1,378.50","1,468.00","1,471.80","1,270.00","-","-6.12%"
"Dec 07","1,468.40","1,479.60","1,523.60","1,435.70","-","-0.86%"
"Nov 07","1,481.10","1,545.80","1,545.80","1,406.10","-","-4.41%"
"Oct 07","1,549.40","1,527.30","1,576.10","1,489.60","-","1.48%"
"Sep 07","1,526.80","1,474.00","1,538.70","1,439.30","-","3.58%"
"Aug 07","1,474.00","1,455.20","1,503.90","1,370.60","-","1.28%"
"Jul 07","1,455.30","1,504.70","1,555.90","1,454.20","-","-3.19%"
"Jun 07","1,503.30","1,530.60","1,540.60","1,484.20","-","-1.78%"
"May 07","1,530.60","1,482.40","1,535.60","1,476.70","-","3.25%"
"Apr 07","1,482.40","1,420.80","1,498.00","1,416.40","-","4.33%"
"Mar 07","1,420.90","1,406.80","1,438.90","1,364.00","-","1.00%"
"Feb 07","1,406.80","1,437.90","1,461.60","1,389.40","-","-2.18%"
"Jan 07","1,438.20","1,418.00","1,441.60","1,404.00","-","1.40%"
"Dec 06","1,418.30","1,400.60","1,431.80","1,385.90","-","1.26%"
"Nov 06","1,400.60","1,377.80","1,407.90","1,361.00","-","1.65%"
"Oct 06","1,377.90","1,335.80","1,389.50","1,327.10","-","3.15%"
"Sep 06","1,335.80","1,303.80","1,340.30","1,290.90","-","2.45%"
"Aug 06","1,303.80","1,278.50","1,306.70","1,261.30","-","2.12%"
"Jul 06","1,276.70","1,270.10","1,280.40","1,224.50","-","0.51%"
"Jun 06","1,270.20","1,270.00","1,290.70","1,219.30","-","0.01%"
"May 06","1,270.10","1,310.60","1,326.70","1,245.30","-","-3.09%"
"Apr 06","1,310.60","1,302.90","1,318.20","1,280.70","-","1.22%"
"Mar 06","1,294.80","1,280.70","1,310.90","1,268.40","-","1.10%"
"Feb 06","1,280.70","1,280.10","1,297.60","1,253.60","-","0.05%"
"Jan 06","1,280.10","1,248.30","1,294.90","1,245.70","-","2.55%"
"Dec 05","1,248.30","1,249.50","1,275.80","1,246.60","-","-0.10%"
"Nov 05","1,249.50","1,207.00","1,270.60","1,201.10","-","3.52%"
"Oct 05","1,207.00","1,228.80","1,233.30","1,168.20","-","-1.77%"
"Sep 05","1,228.80","1,220.30","1,243.10","1,205.30","-","0.70%"
"Aug 05","1,220.30","1,234.20","1,245.90","1,201.10","-","-1.13%"
"Jul 05","1,234.20","1,191.30","1,245.20","1,183.50","-","3.60%"
"Jun 05","1,191.30","1,191.50","1,219.60","1,188.30","-","-0.02%"
"May 05","1,191.50","1,156.80","1,199.60","1,146.20","-","3.00%"
"Apr 05","1,156.80","1,180.60","1,191.90","1,136.20","-","-2.02%"
"Mar 05","1,180.60","1,203.60","1,229.10","1,163.70","-","-1.91%"
"Feb 05","1,203.60","1,181.30","1,212.40","1,181.00","-","1.89%"
"Jan 05","1,181.30","1,211.90","1,217.90","1,163.80","-","-2.52%"
"Dec 04","1,211.90","1,173.80","1,217.30","1,173.80","-","3.25%"
"Nov 04","1,173.80","1,130.20","1,188.50","1,127.50","-","3.86%"
"Oct 04","1,130.20","1,114.60","1,142.00","1,090.20","-","1.40%"
"Sep 04","1,114.60","1,104.20","1,131.50","1,099.10","-","0.94%"
"Aug 04","1,104.20","1,101.70","1,109.70","1,060.70","-","0.23%"
"Jul 04","1,101.70","1,140.80","1,140.80","1,078.80","-","-3.43%"
"Jun 04","1,140.80","1,120.70","1,146.30","1,113.30","-","1.79%"
"May 04","1,120.70","1,107.30","1,127.70","1,076.30","-","1.21%"
"Apr 04","1,107.30","1,126.20","1,150.60","1,107.20","-","-1.68%"
"Mar 04","1,126.20","1,144.90","1,163.20","1,087.10","-","-1.63%"
"Feb 04","1,144.90","1,131.10","1,159.00","1,124.40","-","1.22%"
"Jan 04","1,131.10","1,111.90","1,155.40","1,105.10","-","1.73%"
"Dec 03","1,111.90","1,058.20","1,112.60","1,053.40","-","5.07%"
"Nov 03","1,058.20","1,050.70","1,063.70","1,031.20","-","0.71%"
"Oct 03","1,050.70","996.00","1,053.80","996.00","-","5.49%"
"Sep 03","996.00","1,008.00","1,040.30","990.40","-","-1.19%"
"Aug 03","1,008.00","990.30","1,011.00","960.80","-","1.79%"
"Jul 03","990.30","974.50","1,015.40","962.10","-","1.62%"
"Jun 03","974.50","963.60","1,015.30","963.60","-","1.13%"
"May 03","963.60","916.90","965.40","902.80","-","5.09%"
"Apr 03","916.90","848.20","924.20","847.90","-","8.10%"
"Mar 03","848.20","841.10","895.90","788.90","-","0.84%"
"Feb 03","841.10","855.70","864.60","806.30","-","-1.71%"
"Jan 03","855.70","879.80","935.00","840.30","-","-2.74%"
"Dec 02","879.80","936.30","954.30","869.50","-","-6.03%"
"Nov 02","936.30","885.80","941.80","872.00","-","5.70%"
"Oct 02","885.80","815.30","907.40","768.60","-","8.65%"
"Sep 02","815.30","916.10","924.00","800.20","-","-11.00%"
"Aug 02","916.10","911.60","965.00","833.40","-","0.49%"
"Jul 02","911.60","989.80","994.50","775.70","-","-7.90%"
"Jun 02","989.80","1,067.10","1,070.70","952.90","-","-7.24%"
"May 02","1,067.10","1,076.90","1,106.60","1,049.00","-","-0.91%"
"Apr 02","1,076.90","1,146.00","1,147.80","1,063.50","-","-6.14%"
"Mar 02","1,147.40","1,108.70","1,173.90","1,108.70","-","3.68%"
"Feb 02","1,106.70","1,127.40","1,130.20","1,074.40","-","-2.08%"
"Jan 02","1,130.20","1,149.00","1,177.00","1,081.70","-","-1.56%"
"Dec 01","1,148.10","1,139.50","1,173.60","1,114.50","-","0.75%"
"Nov 01","1,139.50","1,063.10","1,163.40","1,054.30","-","7.52%"
"Oct 01","1,059.80","1,037.90","1,110.60","1,026.80","-","1.82%"
"Sep 01","1,040.90","1,133.60","1,155.40","944.80","-","-8.18%"
"Aug 01","1,133.60","1,211.20","1,226.30","1,124.90","-","-6.41%"
"Jul 01","1,211.20","1,224.40","1,239.80","1,165.50","-","-1.08%"
"Jun 01","1,224.40","1,255.80","1,286.60","1,203.00","-","-2.50%"
"May 01","1,255.80","1,249.50","1,315.90","1,232.00","-","0.50%"
"Apr 01","1,249.50","1,160.30","1,269.30","1,092.00","-","7.69%"
"Mar 01","1,160.30","1,239.90","1,267.40","1,081.20","-","-6.42%"
"Feb 01","1,239.90","1,366.00","1,376.40","1,215.40","-","-9.23%"
"Jan 01","1,366.00","1,320.30","1,383.40","1,274.60","-","3.46%"
"Dec 00","1,320.30","1,315.00","1,389.00","1,254.10","-","0.40%"
"Nov 00","1,315.00","1,429.40","1,438.50","1,294.90","-","-8.00%"
"Oct 00","1,429.40","1,436.50","1,454.80","1,305.80","-","-0.49%"
"Sep 00","1,436.50","1,517.70","1,530.00","1,419.50","-","-5.35%"
"Aug 00","1,517.70","1,430.80","1,525.30","1,426.00","-","6.07%"
"Jul 00","1,430.80","1,454.60","1,517.20","1,414.20","-","-1.64%"
"Jun 00","1,454.60","1,420.60","1,489.00","1,420.60","-","2.39%"
"May 00","1,420.60","1,452.40","1,481.40","1,361.20","-","-2.19%"
"Apr 00","1,452.40","1,498.60","1,527.10","1,339.40","-","-3.08%"
"Mar 00","1,498.60","1,366.40","1,553.10","1,346.50","-","9.68%"
"Feb 00","1,366.40","1,394.50","1,444.40","1,325.00","-","-2.02%"
"Jan 00","1,394.50","1,469.20","1,478.00","1,350.00","-","-5.08%"
"Dec 99","1,469.20","1,388.90","1,473.10","1,387.50","-","5.78%"
"Nov 99","1,388.90","1,362.90","1,425.30","1,346.40","-","1.91%"
"Oct 99","1,362.90","1,282.70","1,373.20","1,233.70","-","6.25%"
"Sep 99","1,282.70","1,320.40","1,361.30","1,256.30","-","-2.86%"
"Aug 99","1,320.40","1,328.70","1,382.80","1,267.70","-","-0.62%"
"Jul 99","1,328.70","1,372.70","1,420.30","1,328.50","-","-3.21%"
"Jun 99","1,372.70","1,301.80","1,372.90","1,277.50","-","5.45%"
"May 99","1,301.80","1,335.20","1,376.00","1,277.30","-","-2.50%"
"Apr 99","1,335.20","1,286.40","1,371.60","1,282.60","-","3.79%"
"Mar 99","1,286.40","1,238.30","1,323.80","1,216.00","-","3.88%"
"Feb 99","1,238.30","1,279.60","1,283.80","1,211.90","-","-3.23%"
"Jan 99","1,279.60","1,229.20","1,280.40","1,205.50","-","4.10%"
"Dec 98","1,229.20","1,163.60","1,244.90","1,136.90","-","5.64%"
"Nov 98","1,163.60","1,098.70","1,193.00","1,098.70","-","5.91%"
"Oct 98","1,098.70","1,017.00","1,103.80","923.30","-","8.03%"
"Sep 98","1,017.00","957.30","1,066.10","940.00","-","6.24%"
"Aug 98","957.30","1,120.70","1,121.80","957.30","-","-14.58%"
"Jul 98","1,120.70","1,133.80","1,190.60","1,114.30","-","-1.16%"
"Jun 98","1,133.80","1,090.80","1,145.20","1,074.70","-","3.94%"
"May 98","1,090.80","1,111.80","1,130.50","1,074.40","-","-1.89%"
"Apr 98","1,111.80","1,101.80","1,133.00","1,076.70","-","0.91%"
"Mar 98","1,101.80","1,049.30","1,113.10","1,030.90","-","5.00%"
"Feb 98","1,049.30","980.30","1,051.70","980.30","-","7.04%"
"Jan 98","980.30","970.40","992.60","912.80","-","1.02%"
"Dec 97","970.40","955.40","986.20","924.90","-","1.57%"
"Nov 97","955.40","914.60","964.50","900.60","-","4.46%"
"Oct 97","914.60","950.90","983.10","855.30","-","-3.45%"
"Sep 97","947.30","899.50","960.60","899.50","-","5.31%"
"Aug 97","899.50","954.30","964.20","893.30","-","-5.74%"
"Jul 97","954.30","885.10","957.70","884.50","-","7.82%"
"Jun 97","885.10","848.30","902.10","838.80","-","4.34%"
"May 97","848.30","801.30","851.90","793.20","-","5.87%"
"Apr 97","801.30","757.10","804.10","733.50","-","5.84%"
"Mar 97","757.10","790.80","814.90","756.10","-","-4.26%"
"Feb 97","790.80","786.20","817.70","773.40","-","0.59%"
"Jan 97","786.20","740.70","794.70","729.50","-","6.14%"
"Dec 96","740.70","757.00","761.80","716.70","-","-2.15%"
"Nov 96","757.00","705.30","762.10","701.30","-","7.33%"
"Oct 96","705.30","687.30","714.10","684.40","-","2.62%"
"Sep 96","687.30","652.00","690.90","644.00","-","5.41%"
"Aug 96","652.00","640.00","670.70","639.50","-","1.88%"
"Jul 96","640.00","670.60","675.90","605.90","-","-4.56%"
"Jun 96","670.60","669.10","680.30","658.80","-","0.22%"
"May 96","669.10","654.20","681.10","630.10","-","2.28%"
"Apr 96","654.20","645.50","656.70","624.10","-","1.35%"
"Mar 96","645.50","640.40","657.00","627.60","-","0.80%"
"Feb 96","640.40","636.00","664.20","633.70","-","0.69%"
"Jan 96","636.00","615.90","636.20","597.30","-","3.26%"
"Dec 95","615.90","605.40","622.90","605.00","-","1.73%"
"Nov 95","605.40","581.50","608.70","581.00","-","4.11%"
"Oct 95","581.50","584.40","590.70","571.50","-","-0.50%"
"Sep 95","584.40","561.90","587.60","561.00","-","4.00%"
"Aug 95","561.90","562.10","565.60","553.00","-","-0.04%"
"Jul 95","562.10","544.80","565.40","542.50","-","3.18%"
"Jun 95","544.80","533.40","551.10","526.00","-","2.14%"
"May 95","533.40","514.80","533.40","513.00","-","3.63%"
"Apr 95","514.70","500.70","515.30","500.20","-","2.80%"
"Mar 95","500.70","487.40","508.10","479.70","-","2.73%"
"Feb 95","487.40","470.40","489.20","469.30","-","3.61%"
"Jan 95","470.40","459.20","471.40","457.20","-","2.42%"
"Dec 94","459.30","453.60","462.70","442.90","-","1.23%"
"Nov 94","453.70","472.30","472.30","444.20","-","-3.96%"
"Oct 94","472.40","462.70","474.70","449.30","-","2.10%"
"Sep 94","462.70","475.50","475.50","458.50","-","-2.69%"
"Aug 94","475.50","458.30","477.60","456.10","-","3.75%"
"Jul 94","458.30","444.30","459.30","443.60","-","3.15%"
"Jun 94","444.30","456.50","463.20","439.80","-","-2.67%"
"May 94","456.50","450.90","457.80","440.80","-","1.24%"
"Apr 94","450.90","445.70","452.80","435.90","-","1.14%"
"Mar 94","445.80","467.20","471.10","436.20","-","-4.56%"
"Feb 94","467.10","481.60","482.20","464.30","-","-3.01%"
"Jan 94","481.60","466.50","482.90","464.40","-","3.26%"
"Dec 93","466.40","461.90","471.30","461.40","-","1.00%"
"Nov 93","461.80","467.80","469.10","454.40","-","-1.28%"
"Oct 93","467.80","458.90","471.10","456.40","-","1.94%"
"Sep 93","458.90","463.60","463.80","449.60","-","-1.01%"
"Aug 93","463.60","448.10","463.60","446.90","-","3.46%"
"Jul 93","448.10","450.50","451.10","441.40","-","-0.53%"
"Jun 93","450.50","450.20","455.60","442.50","-","0.07%"
"May 93","450.20","440.20","454.60","436.90","-","2.27%"
"Apr 93","440.20","451.70","452.60","432.30","-","-2.55%"
"Mar 93","451.70","443.40","456.80","441.10","-","1.87%"
"Feb 93","443.40","438.80","450.00","428.20","-","1.05%"
"Jan 93","438.80","435.70","442.70","426.90","-","0.71%"
"Dec 92","435.70","431.40","442.60","428.60","-","1.00%"
"Nov 92","431.40","418.70","431.90","415.60","-","3.03%"
"Oct 92","418.70","417.80","421.20","396.80","-","0.22%"
"Sep 92","417.80","414.00","425.30","412.70","-","0.92%"
"Aug 92","414.00","424.20","425.10","408.30","-","-2.40%"
"Jul 92","424.20","408.20","424.80","407.20","-","3.95%"
"Jun 92","408.10","415.40","417.30","399.90","-","-1.76%"
"May 92","415.40","414.90","418.80","409.90","-","0.12%"
"Apr 92","414.90","403.70","416.30","392.40","-","2.77%"
"Mar 92","403.70","412.70","413.80","401.90","-","-2.18%"
"Feb 92","412.70","408.80","418.10","406.30","-","0.95%"
"Jan 92","408.80","417.00","421.20","408.60","-","-1.99%"
"Dec 91","417.10","375.10","418.30","371.40","-","11.17%"
"Nov 91","375.20","392.50","398.20","371.60","-","-4.41%"
"Oct 91","392.50","387.90","393.80","376.10","-","1.19%"
"Sep 91","387.90","395.40","397.60","382.80","-","-1.90%"
"Aug 91","395.40","387.80","396.80","374.10","-","1.96%"
"Jul 91","387.80","371.20","387.80","370.90","-","4.47%"
"Jun 91","371.20","389.80","389.80","368.00","-","-4.77%"
"May 91","389.80","375.40","389.90","365.80","-","3.84%"
"Apr 91","375.40","375.20","391.30","370.30","-","0.05%"
"Mar 91","375.20","367.10","379.70","363.70","-","2.21%"
"Feb 91","367.10","343.90","371.00","340.40","-","6.75%"
"Jan 91","343.90","330.20","343.90","309.40","-","4.15%"
"Dec 90","330.20","322.20","334.00","322.00","-","2.48%"
"Nov 90","322.20","304.00","323.00","301.60","-","5.99%"
"Oct 90","304.00","306.10","319.70","294.50","-","-0.69%"
"Sep 90","306.10","322.60","326.50","296.00","-","-5.11%"
"Aug 90","322.60","356.10","357.40","306.20","-","-9.41%"
"Jul 90","356.10","358.00","369.80","350.10","-","-0.53%"
"Jun 90","358.00","361.20","368.80","351.20","-","-0.89%"
"May 90","361.20","330.80","362.30","330.80","-","9.19%"
"Apr 90","330.80","339.90","347.30","327.80","-","-2.68%"
"Mar 90","339.90","331.90","344.50","331.10","-","2.41%"
"Feb 90","331.90","329.10","336.10","322.10","-","0.85%"
"Jan 90","329.10","353.40","360.60","319.80","-","-6.88%"
"Dec 89","353.40","346.00","354.10","339.60","-","2.14%"
"Nov 89","346.00","340.40","346.50","330.90","-","1.65%"
"Oct 89","340.40","349.10","360.40","327.10","-","-2.49%"
"Sep 89","349.10","351.40","354.10","341.40","-","-0.65%"
"Aug 89","351.40","346.10","352.70","339.00","-","1.53%"
"Jul 89","346.10","318.00","346.10","317.30","-","8.84%"
"Jun 89","318.00","320.50","329.20","314.40","-","-0.78%"
"May 89","320.50","309.60","323.10","304.10","-","3.52%"
"Apr 89","309.60","294.90","310.40","294.40","-","4.98%"
"Mar 89","294.90","288.90","300.00","286.50","-","2.08%"
"Feb 89","288.90","297.50","300.60","286.30","-","-2.89%"
"Jan 89","297.50","277.70","297.50","273.80","-","7.13%"
"Dec 88","277.70","273.70","280.40","270.50","-","1.46%"
"Nov 88","273.70","279.00","280.40","262.90","-","-1.90%"
"Oct 88","279.00","271.90","283.90","268.80","-","2.61%"
"Sep 88","271.90","261.50","274.90","257.00","-","3.98%"
"Aug 88","261.50","272.00","274.20","256.50","-","-3.86%"
"Jul 88","272.00","273.50","276.40","262.50","-","-0.55%"
"Jun 88","273.50","262.20","276.90","262.10","-","4.31%"
"May 88","262.20","261.30","263.70","248.80","-","0.34%"
"Apr 88","261.30","258.90","272.10","254.70","-","0.93%"
"Mar 88","258.90","267.80","272.60","256.10","-","-3.32%"
"Feb 88","267.80","257.10","267.80","247.80","-","4.16%"
"Jan 88","257.10","247.10","261.80","240.20","-","4.05%"
"Dec 87","247.10","230.30","253.30","221.20","-","7.29%"
"Nov 87","230.30","251.80","257.20","225.80","-","-8.54%"
"Oct 87","251.80","321.80","328.90","216.50","-","-21.75%"
"Sep 87","321.80","329.80","332.20","308.60","-","-2.43%"
"Aug 87","329.80","318.70","337.90","314.50","-","3.48%"
"Jul 87","318.70","304.00","318.90","302.50","-","4.84%"
"Jun 87","304.00","290.10","310.30","286.90","-","4.79%"
"May 87","290.10","288.40","298.70","277.00","-","0.59%"
"Apr 87","288.40","291.70","303.60","275.70","-","-1.13%"
"Mar 87","291.70","284.20","302.70","282.30","-","2.64%"
"Feb 87","284.20","274.10","287.60","273.20","-","3.68%"
"Jan 87","274.10","242.20","281.00","242.20","-","13.17%"
"Dec 86","242.20","249.20","254.90","241.30","-","-2.81%"
"Nov 86","249.20","244.00","249.20","235.50","-","2.13%"
"Oct 86","244.00","231.30","244.50","231.30","-","5.49%"
"Sep 86","231.30","252.90","254.10","228.10","-","-8.54%"
"Aug 86","252.90","236.10","254.20","231.90","-","7.12%"
"Jul 86","236.10","250.80","253.20","233.10","-","-5.86%"
"Jun 86","250.80","247.30","251.80","238.20","-","1.42%"
"May 86","247.30","235.50","249.20","232.30","-","5.01%"
"Apr 86","235.50","238.90","245.50","226.30","-","-1.42%"
"Mar 86","238.90","226.90","240.10","222.20","-","5.29%"
"Feb 86","226.90","211.80","227.90","210.80","-","7.13%"
"Jan 86","211.80","211.30","214.60","202.60","-","0.24%"
"Dec 85","211.30","202.20","213.10","200.10","-","4.50%"
"Nov 85","202.20","189.80","203.40","189.40","-","6.53%"
"Oct 85","189.80","182.10","190.20","181.20","-","4.23%"
"Sep 85","182.10","188.60","188.80","179.40","-","-3.45%"
"Aug 85","188.60","190.90","192.20","186.10","-","-1.20%"
"Jul 85","190.90","191.80","196.10","189.30","-","-0.47%"
"Jun 85","191.80","189.60","191.80","185.00","-","1.16%"
"May 85","189.60","179.80","190.00","178.30","-","5.45%"
"Apr 85","179.80","180.70","183.60","177.90","-","-0.50%"
"Mar 85","180.70","181.20","183.90","176.50","-","-0.28%"
"Feb 85","181.20","179.60","183.90","177.80","-","0.89%"
"Jan 85","179.60","167.20","180.30","163.40","-","7.42%"